Portfolio Value,VaR_95,VaR_99,ES_95,ES_99
106707.0,-3315.2929470706085,-5488.565817430631,-4638.995372536488,-6583.661279218364
