scenario,sim_days,Portfolio Value,VaR_95,VaR_99,ES_95,ES_99
normal,1,107353.0,-3354.767630534132,-4834.362741631605,-4280.292224802607,-5798.289839296328
stress,1,107353.0,-5310.252421657891,-7382.790939708115,-6666.5467103709825,-8299.73109324228
normal,10,107353.0,-8452.430591366241,-13071.354912357328,-10770.097103662098,-14334.82185286106
stress,10,107353.0,-17641.239940523017,-24900.355793416613,-22945.593842580467,-30064.75973408561
