VaR_95,VaR_99,ES_95,ES_99
-12154.548588599282,-17646.58771078621,-15512.9389481855,-20795.937624336904
