Portfolio Value,VaR_95,VaR_99,ES_95,ES_99
108989.25927734375,-8109.597348732421,-12540.265363299375,-10779.93550888852,-14691.4388030808
