scenario,sim_days,Portfolio Value,VaR_95,VaR_99,ES_95,ES_99
normal,1,108857.4384765625,-3609.294740904762,-4868.7623224587005,-4435.7613690031285,-5625.317515140059
stress,1,108857.4384765625,-5758.474586442821,-7990.594715457188,-7233.679318855208,-9481.87313747338
normal,10,108857.4384765625,-10211.74113100853,-14049.698687141235,-12956.094115372234,-17204.361737585794
stress,10,108857.4384765625,-17266.54138735768,-26250.696524356692,-22930.091088715213,-30810.097829051054
