VaR_95,VaR_99,ES_95,ES_99
-12053.339563438665,-17176.45340627528,-15280.748196818928,-20502.201938711984
