Portfolio Value,VaR_95,VaR_99,ES_95,ES_99
32498.837890625,-4441.504725203529,-6399.574062665693,-5661.596748175291,-7376.3406012316145
