scenario,sim_days,Portfolio Value,VaR_95,VaR_99,ES_95,ES_99
normal,1,33529.91796875,-1827.9727349708148,-2465.911331227723,-2219.964911659269,-2762.0851956194147
stress,1,33529.91796875,-2404.127589114181,-3353.4353312082176,-2930.5992754502718,-3782.41930944463
normal,10,33529.91796875,-4865.290073330985,-7063.261944719462,-6244.711108836683,-8088.726836740058
stress,10,33529.91796875,-7673.8154115727675,-10638.955827095599,-9840.156817329638,-12977.330899785185
