VaR_95,VaR_99,ES_95,ES_99
-10986.87966901446,-15717.743499110102,-13703.154802506575,-17799.23713599676
