Portfolio Value,VaR_95,VaR_99,ES_95,ES_99
32875.578125,-4379.392818760089,-6341.729994011119,-5634.020095934311,-7482.661498500063
