scenario,sim_days,Portfolio Value,VaR_95,VaR_99,ES_95,ES_99
normal,1,33301.890625,-1434.301139233353,-2214.8682264911754,-1928.0921638916248,-2595.2268562409035
stress,1,33301.890625,-2316.0285410620045,-3285.100669366231,-2987.7672457006406,-4080.1787649282705
normal,10,33301.890625,-4373.176852858525,-5867.824964472838,-5310.858398050261,-6512.5274750103
stress,10,33301.890625,-7302.162986749535,-9652.31933921554,-8799.058341131456,-11024.83601261933
