VaR_95,VaR_99,ES_95,ES_99
-11176.463166647167,-16456.857663960443,-14250.473608786953,-19049.60949052267
