scenario,sim_days,Portfolio Value,VaR_95,VaR_99,ES_95,ES_99
normal,1,106965.98657226562,-3183.768678495768,-4839.95648386982,-4209.289442532646,-5382.19902612702
stress,1,106965.98657226562,-5161.246965759212,-7766.069917927037,-6766.103059373925,-9111.220026770074
normal,10,106965.98657226562,-8776.453728158349,-12319.084852042823,-11156.417733520577,-13459.732213271694
stress,10,106965.98657226562,-18360.114226753718,-23532.093913643293,-21715.14204968731,-26822.89026733103
