Portfolio Value,VaR_95,VaR_99,ES_95,ES_99
106682.04150390625,-5278.963936970191,-8485.928283110388,-7112.750258451064,-9824.055508023155
