VaR_95,VaR_99,ES_95,ES_99
-12099.496814752703,-17304.93458484216,-15468.149890708708,-20365.187213220062
