scenario,sim_days,Portfolio Value,VaR_95,VaR_99,ES_95,ES_99
normal,1,113630.06958007812,-3249.6911260479906,-4462.402317977648,-4065.262748748235,-5280.374274796404
stress,1,113630.06958007812,-5674.984761719896,-7389.957681240705,-6822.9244602091585,-8212.60283295831
normal,10,113630.06958007812,-9247.41406644923,-13403.588019677873,-12250.72641649032,-17471.161860434113
stress,10,113630.06958007812,-18123.42094925091,-24636.743343806324,-22025.260260349,-27686.505155528826
