Portfolio Value,VaR_95,VaR_99,ES_95,ES_99
114067.66479492188,-9303.012196683492,-14036.488568249113,-12363.825158884596,-16743.70572284219
