VaR_95,VaR_99,ES_95,ES_99
-12986.038193068964,-18136.029209065364,-16390.869286637604,-21586.108668553043
