Portfolio Value,VaR_95,VaR_99,ES_95,ES_99
111627.369140625,-8554.23862092074,-12777.771889482377,-11292.458793603779,-15291.275353674753
