scenario,sim_days,Portfolio Value,VaR_95,VaR_99,ES_95,ES_99
normal,1,106828.18676757812,-3885.4692652261133,-5862.853338442697,-5188.60537595014,-6958.420736141544
stress,1,106828.18676757812,-5686.660359389528,-7389.467005022029,-6659.640507272617,-8079.714787838568
normal,10,106828.18676757812,-9788.114899592674,-14716.83289761885,-13005.231241911755,-17407.4175810932
stress,10,106828.18676757812,-16682.401698150232,-21813.382180916815,-20379.732762163923,-25909.11662133814
