VaR_95,VaR_99,ES_95,ES_99
-12841.143493262782,-18746.319674927578,-16594.716947000667,-22957.71360127673
