scenario,sim_days,Portfolio Value,VaR_95,VaR_99,ES_95,ES_99
normal,1,32498.837890625,-1480.2563666421015,-2247.9774845297343,-1877.5225708360847,-2481.8599120663157
stress,1,32498.837890625,-2314.055282175913,-2999.9784504406407,-2769.320311113666,-3240.9098479405056
normal,10,32498.837890625,-4511.9007035400655,-6427.951587708339,-5690.543428524639,-7349.685266449957
stress,10,32498.837890625,-7016.742236637685,-10764.93622034311,-9185.931457283243,-13140.63215807594
