Portfolio Value,VaR_95,VaR_99,ES_95,ES_99
31031.533203125,-4208.6968554755995,-6095.985805370652,-5392.36002591126,-7152.6673627839555
