VaR_95,VaR_99,ES_95,ES_99
-10221.333557390635,-14617.567458252162,-13017.6572626976,-17357.351887619236
