scenario,sim_days,Portfolio Value,VaR_95,VaR_99,ES_95,ES_99
normal,1,111078.85864257812,-3492.057325722408,-4989.5239336769655,-4347.145465303612,-5594.386969429033
stress,1,111078.85864257812,-5482.313281717681,-7947.804048866784,-6979.595526145785,-8968.65794728064
normal,10,111078.85864257812,-8842.07123651973,-13263.271730391209,-11802.56827386433,-15623.315754242863
stress,10,111078.85864257812,-19117.843537812674,-27060.924237185453,-23936.364316776013,-30658.384703302796
