Portfolio Value,VaR_95,VaR_99,ES_95,ES_99
109403.69970703125,-8422.018563577685,-12958.820657315851,-11267.199680088084,-15401.139819991076
