VaR_95,VaR_99,ES_95,ES_99
-12296.023946361423,-18412.614932084227,-15896.27386425206,-21375.681952793566
