Portfolio Value,VaR_95,VaR_99,ES_95,ES_99
113003.10668945312,-9400.372229252525,-14072.466050011411,-12235.908389808823,-16227.215957707867
