scenario,sim_days,Portfolio Value,VaR_95,VaR_99,ES_95,ES_99
normal,1,114661.33251953125,-3823.7069205296725,-5315.3630322757845,-4616.280273090616,-5980.418363968436
stress,1,114661.33251953125,-5956.158898701253,-8547.992802138764,-7464.072828746782,-9447.253026261948
normal,10,114661.33251953125,-10419.233264581799,-15917.093286386926,-13902.744983521137,-18869.097507091203
stress,10,114661.33251953125,-17958.30228913935,-24280.40989946232,-22509.6993589103,-29468.998175240115
