VaR_95,VaR_99,ES_95,ES_99
-12863.670568429525,-17763.538144527964,-16076.873440326057,-21052.960921525155
