Portfolio Value,VaR_95,VaR_99,ES_95,ES_99
106965.98657226562,-5396.985915376878,-8341.330766150899,-7225.618874366774,-9684.165937669255
