scenario,sim_days,Portfolio Value,VaR_95,VaR_99,ES_95,ES_99
normal,1,108077.8330078125,-3143.935501009936,-3981.996125092782,-3766.1665288665736,-4689.434515928064
stress,1,108077.8330078125,-5434.180597816471,-7900.292567587841,-6871.763773299401,-8750.826371715011
normal,10,108077.8330078125,-8597.561328531507,-13024.679423952151,-11027.598614682784,-14304.737131890748
stress,10,108077.8330078125,-17549.30325448381,-24357.38397603313,-21347.784246384665,-27244.036567569012
