VaR_95,VaR_99,ES_95,ES_99
-11931.350988443208,-16861.729453318712,-15044.501440052474,-19774.46575647982
