scenario,sim_days,Portfolio Value,VaR_95,VaR_99,ES_95,ES_99
normal,1,34025.62890625,-1563.5156864199887,-2072.5166251134615,-1922.9896219079415,-2479.5380436314094
stress,1,34025.62890625,-2393.0672412666972,-3096.966006857017,-2836.7446052002847,-3413.4934992703684
normal,10,34025.62890625,-4545.871513233018,-6892.425891420186,-5981.8960016966375,-8053.464971247951
stress,10,34025.62890625,-7950.076673480985,-11070.003674576245,-9707.35981537658,-12613.700274560095
