Portfolio Value,VaR_95,VaR_99,ES_95,ES_99
33936.40234375,-4643.164475343923,-6498.379038834895,-5835.421250013154,-7581.29386272162
