VaR_95,VaR_99,ES_95,ES_99
-11569.20897514069,-16163.900632638219,-14469.699058076438,-18882.245789780478
