scenario,sim_days,Portfolio Value,VaR_95,VaR_99,ES_95,ES_99
normal,1,108289.49658203125,-3231.595990446703,-4515.053226166766,-4092.3160908347722,-5068.90022509777
stress,1,108289.49658203125,-5760.895203531394,-7869.145890090199,-7206.315298940118,-8950.275390649662
normal,10,108289.49658203125,-7658.753223450269,-11742.336699965215,-10234.003625532392,-13621.796115501518
stress,10,108289.49658203125,-17754.686383848788,-22452.651113574237,-21238.57054493448,-25606.610960993345
