Portfolio Value,VaR_95,VaR_99,ES_95,ES_99
108289.49658203125,-2598.587803182348,-4747.5676904248785,-3925.2257691590694,-5865.6216635423325
