VaR_95,VaR_99,ES_95,ES_99
-11831.09110948864,-16748.8235607349,-15036.830283360556,-20292.859371888
