Portfolio Value,VaR_95,VaR_99,ES_95,ES_99
109425.92846679688,-6957.242646471185,-10960.644754092673,-9400.990761310763,-12934.809923077884
