scenario,sim_days,Portfolio Value,VaR_95,VaR_99,ES_95,ES_99
normal,1,109627.76440429688,-4041.06263493532,-5200.633137080949,-4855.117186493005,-5798.6659726230155
stress,1,109627.76440429688,-5665.373666326508,-7390.5003151023375,-6754.258639917159,-8286.671050638623
normal,10,109627.76440429688,-9040.409697768398,-14597.644797552948,-12331.07405584037,-16519.431591017776
stress,10,109627.76440429688,-17290.2931068163,-23519.90795738223,-20997.2526142212,-26336.56609482126
