VaR_95,VaR_99,ES_95,ES_99
-12329.510991628988,-17468.317974618,-15515.345348418346,-20470.13813431293
