scenario,sim_days,Portfolio Value,VaR_95,VaR_99,ES_95,ES_99
normal,1,108351.24072265625,-3051.240245808694,-4686.846598366237,-4031.1301150804425,-5535.3027637165405
stress,1,108351.24072265625,-5272.432511471245,-7468.653254470154,-6463.198609301443,-8098.855730578771
normal,10,108351.24072265625,-8117.102076837552,-12099.675369450199,-10491.10672712601,-13905.744296381377
stress,10,108351.24072265625,-17172.627093139414,-22461.51556261641,-20406.283283515295,-25299.224770533117
