Portfolio Value,VaR_95,VaR_99,ES_95,ES_99
106458.37670898438,-6041.187678191573,-9291.434597628187,-8035.199244253707,-10650.133752871156
