VaR_95,VaR_99,ES_95,ES_99
-12211.660837457379,-17056.550801646514,-15431.998277735061,-20614.871995622107
