scenario,sim_days,Portfolio Value,VaR_95,VaR_99,ES_95,ES_99
normal,1,32716.951171875,-1997.5020706160608,-2716.634701138811,-2503.812256899033,-3295.093822231899
stress,1,32716.951171875,-2204.6355176971033,-3123.440727025423,-2801.437209568747,-3611.337650885501
normal,10,32716.951171875,-5058.968872577328,-7071.0745686855535,-6410.752368852005,-8610.550930609917
stress,10,32716.951171875,-6601.899397672017,-8716.364483416957,-8218.907627059189,-10613.104194155592
