Portfolio Value,VaR_95,VaR_99,ES_95,ES_99
32885.4921875,-4493.36522300481,-6595.143321515116,-5821.192201344552,-7698.8620749635875
