VaR_95,VaR_99,ES_95,ES_99
-11101.254553424573,-15713.305829042809,-13995.173557773393,-18477.88739525184
