scenario,sim_days,Portfolio Value,VaR_95,VaR_99,ES_95,ES_99
normal,1,108289.49658203125,-3207.2563134840893,-5084.08315019347,-4250.245235091969,-5718.263626704555
stress,1,108289.49658203125,-5630.485830837336,-7554.061049247178,-6945.812380937237,-8719.950998210083
normal,10,108289.49658203125,-8211.391598387154,-12516.536935214359,-11100.42618757223,-14674.064817136776
stress,10,108289.49658203125,-18381.461705240337,-24650.969270850244,-22456.931184275378,-27493.44793689436
