Portfolio Value,VaR_95,VaR_99,ES_95,ES_99
111262.80810546875,-3915.504446126689,-6925.240311586764,-5782.227442084503,-8291.38613574844
