VaR_95,VaR_99,ES_95,ES_99
-11931.648605361803,-17360.582430289953,-15295.065516297247,-20310.769592513156
