scenario,sim_days,Portfolio Value,VaR_95,VaR_99,ES_95,ES_99
normal,1,106682.04150390625,-3201.8144513183843,-4534.633388949156,-3968.3309227325644,-5036.517182476159
stress,1,106682.04150390625,-5043.6911724888605,-7310.549647280279,-6530.120715546155,-8687.407174598105
normal,10,106682.04150390625,-7868.717746012576,-12069.435451933736,-10317.193008363694,-13198.547649976725
stress,10,106682.04150390625,-16397.181009114007,-22581.659790458627,-20454.446344861368,-26433.288463039305
