Portfolio Value,VaR_95,VaR_99,ES_95,ES_99
104997.80859375,-4802.701990895469,-7685.338947597511,-6537.737307054417,-9164.77374107494
