VaR_95,VaR_99,ES_95,ES_99
-11629.43629091351,-16677.992529907075,-14930.144816788266,-20272.57819896828
