Portfolio Value,VaR_95,VaR_99,ES_95,ES_99
114661.33251953125,-9575.30721135376,-14224.776282489498,-12532.354668636179,-16682.133787722138
