scenario,sim_days,Portfolio Value,VaR_95,VaR_99,ES_95,ES_99
normal,1,112525.341796875,-3690.7031574815496,-5494.791583634282,-4718.54915141477,-6219.7918847403635
stress,1,112525.341796875,-5948.265270530312,-8011.342505942069,-7230.934328650178,-8903.305583080979
normal,10,112525.341796875,-10266.082811291955,-16136.52633925856,-13666.8288839376,-19169.30066433638
stress,10,112525.341796875,-16511.166725759977,-24586.69096944433,-21575.901542478423,-28836.373898594822
