VaR_95,VaR_99,ES_95,ES_99
-12833.919650781603,-18415.583059845932,-16228.681926231724,-21293.351522819652
