scenario,sim_days,Portfolio Value,VaR_95,VaR_99,ES_95,ES_99
normal,1,114067.66479492188,-3722.670317453967,-5257.349633116608,-4647.464391266899,-5761.7276094581175
stress,1,114067.66479492188,-5598.997605307872,-7724.568350139018,-7149.522183812052,-9377.800175886723
normal,10,114067.66479492188,-9718.349002618095,-13391.752114744226,-12058.3731478934,-15374.92411995598
stress,10,114067.66479492188,-18661.741724176307,-25601.369029646205,-23015.08041121862,-29062.85086248135
