Portfolio Value,VaR_95,VaR_99,ES_95,ES_99
114067.66479492188,-9205.186740193394,-14199.58555181702,-12204.867506148346,-16581.237466723178
