VaR_95,VaR_99,ES_95,ES_99
-12565.75133306245,-17975.14308285295,-15818.992039253428,-21189.7744845163
