Portfolio Value,VaR_95,VaR_99,ES_95,ES_99
107773.919921875,-7865.6028691807105,-12240.795411802363,-10761.054524941035,-15327.144395852818
