scenario,sim_days,Portfolio Value,VaR_95,VaR_99,ES_95,ES_99
normal,1,109403.69970703125,-3407.022206589153,-4457.5739163098415,-4076.6577311253513,-5157.147429008951
stress,1,109403.69970703125,-5506.541269817774,-7570.007437952787,-6736.300747717138,-8532.407870498942
normal,10,109403.69970703125,-8752.13627908803,-13789.642398652097,-11635.06735937102,-16615.516556463164
stress,10,109403.69970703125,-18134.931590649656,-23757.978232686546,-21957.262331189915,-27147.611878023727
