VaR_95,VaR_99,ES_95,ES_99
-11996.31074967254,-17063.692044775635,-15097.54185096084,-19813.443127072613
