Portfolio Value,VaR_95,VaR_99,ES_95,ES_99
111078.85864257812,-8495.360901434919,-12519.788555503272,-11069.367824244782,-14828.301575205174
