scenario,sim_days,Portfolio Value,VaR_95,VaR_99,ES_95,ES_99
normal,1,113480.6328125,-3248.7404804390335,-4819.121830409347,-4178.800716086909,-5428.850471877137
stress,1,113480.6328125,-5745.521334348901,-8181.472426708731,-7144.031957818165,-8981.733797405652
normal,10,113480.6328125,-9043.299217226619,-13859.84684602553,-12186.398704010771,-16380.467281597235
stress,10,113480.6328125,-19065.632487097355,-26915.075246683624,-23265.874136764025,-29315.00781026179
