VaR_95,VaR_99,ES_95,ES_99
-12548.792446154914,-18308.87283214665,-16013.336982519782,-21540.04813203036
