Portfolio Value,VaR_95,VaR_99,ES_95,ES_99
105289.26000976562,-2782.8706072042155,-4701.612196746632,-3974.5113659190843,-5701.164684202656
