scenario,sim_days,Portfolio Value,VaR_95,VaR_99,ES_95,ES_99
normal,1,107239.26049804688,-3022.253017460066,-4202.613532845396,-3887.8374359411764,-5329.44551246381
stress,1,107239.26049804688,-5377.16337910969,-7733.411368749171,-6907.48195315626,-8856.460289809069
normal,10,107239.26049804688,-8120.112391186258,-11788.444026736619,-10302.902006291222,-12868.80591895184
stress,10,107239.26049804688,-18003.701018141823,-24195.765516721804,-21887.013860566454,-28194.359704729006
