VaR_95,VaR_99,ES_95,ES_99
-11984.7921711299,-17151.968238357033,-15268.066600601867,-20090.014668375527
