scenario,sim_days,Portfolio Value,VaR_95,VaR_99,ES_95,ES_99
normal,1,105657.6416015625,-3127.6416058688537,-4497.0294155056845,-3997.964589381832,-4933.5661973894
stress,1,105657.6416015625,-5118.67435385273,-7882.796072420386,-6617.992901971496,-8611.671556538795
normal,10,105657.6416015625,-8937.006830694045,-13242.760482088972,-11699.574380171309,-15804.658197153729
stress,10,105657.6416015625,-16924.048959411142,-23358.431712126396,-21327.888897547986,-27479.055929073853
