Portfolio Value,VaR_95,VaR_99,ES_95,ES_99
106704.30346679688,-8838.817118665536,-13070.644179075149,-11353.062942724402,-14906.033892834626
