VaR_95,VaR_99,ES_95,ES_99
-11929.460403266468,-16780.26576342704,-14923.596103506292,-19685.42986936986
