scenario,sim_days,Portfolio Value,VaR_95,VaR_99,ES_95,ES_99
normal,1,106057.0,-2892.0042235681944,-3910.8037343959145,-3507.0962906741543,-4132.33046828489
stress,1,106057.0,-4998.616752755039,-6840.328577011075,-6228.520135436888,-7862.694129471805
normal,10,106057.0,-8396.047521964316,-12179.574137317808,-10804.269671041578,-14173.052167025806
stress,10,106057.0,-17613.256647183774,-25527.099256544054,-22172.647306986564,-28869.694749398906
