Portfolio Value,VaR_95,VaR_99,ES_95,ES_99
106201.06787109375,-5251.842932188548,-8475.73108101585,-7189.492833420369,-9737.218834462532
