VaR_95,VaR_99,ES_95,ES_99
-11852.760049639945,-16376.403510194235,-14845.192884465707,-19880.4486608828
