scenario,sim_days,Portfolio Value,VaR_95,VaR_99,ES_95,ES_99
normal,1,37584.8359375,-1869.8297593082214,-2743.9665650868506,-2470.5884535481896,-3226.9179780473955
stress,1,37584.8359375,-2621.425914154862,-3579.3118488758155,-3241.1907200582464,-4039.869393985071
normal,10,37584.8359375,-4792.4416047456425,-6717.315900464108,-6072.877141226388,-7877.111349501347
stress,10,37584.8359375,-8726.06777915648,-11939.26265123932,-10512.46132380619,-12666.639326765753
