Portfolio Value,VaR_95,VaR_99,ES_95,ES_99
36325.73046875,-4911.731592633036,-6922.631090053914,-6219.18248079694,-8191.828893756341
