VaR_95,VaR_99,ES_95,ES_99
-11970.816681865617,-17312.983836348387,-15271.399855272055,-20286.674486743206
