scenario,sim_days,Portfolio Value,VaR_95,VaR_99,ES_95,ES_99
normal,1,112146.31787109375,-3762.308603460731,-5294.8490425004375,-4711.699816498501,-6036.8284889423185
stress,1,112146.31787109375,-5512.140305878052,-7776.281609207704,-6831.466840986351,-8675.37321048127
normal,10,112146.31787109375,-8979.281356321728,-14248.371171601751,-12249.961495842457,-16731.024797353624
stress,10,112146.31787109375,-17722.203433785056,-25462.942208620985,-22350.73256943428,-28031.822203004984
