Portfolio Value,VaR_95,VaR_99,ES_95,ES_99
112525.341796875,-9424.734501332421,-14445.298998696204,-12525.629816289347,-16856.704572262046
