VaR_95,VaR_99,ES_95,ES_99
-13069.641342782455,-18778.05723741269,-16489.8680034766,-21750.3718368749
