Portfolio Value,VaR_95,VaR_99,ES_95,ES_99
114329.85473632812,-10175.932112470793,-14667.948635722747,-13040.015928708579,-17281.46659424338
