scenario,sim_days,Portfolio Value,VaR_95,VaR_99,ES_95,ES_99
normal,1,115513.00708007812,-4363.573894692494,-5906.2204618577525,-5487.7192949044575,-7252.38439412439
stress,1,115513.00708007812,-5802.427394234909,-7788.970691889922,-7070.703257181683,-9181.666690754555
normal,10,115513.00708007812,-10765.69475369087,-15417.245035974685,-13478.428542631156,-17109.79536767456
stress,10,115513.00708007812,-18340.590734902107,-25169.614574502055,-23120.92407778709,-29523.15715663028
