VaR_95,VaR_99,ES_95,ES_99
-12515.619748666346,-18038.3782817355,-15915.792438003333,-21536.835962843666
