Portfolio Value,VaR_95,VaR_99,ES_95,ES_99
113630.06958007812,-9127.198118732123,-13720.776386215963,-11964.020575504705,-16281.498630496571
