scenario,sim_days,Portfolio Value,VaR_95,VaR_99,ES_95,ES_99
normal,1,115089.99926757812,-3326.92012186907,-4580.175433378647,-4234.100255232727,-5642.916484755147
stress,1,115089.99926757812,-6012.236763385158,-8090.0030241652385,-7421.98941097993,-9205.647266000193
normal,10,115089.99926757812,-9904.765716562806,-14784.141306847916,-12842.69069855509,-17451.462126951934
stress,10,115089.99926757812,-19239.81655897989,-26158.46759382344,-23659.653026305856,-29399.24917488848
