VaR_95,VaR_99,ES_95,ES_99
-12803.496380669225,-18131.237810414266,-16151.662477356282,-21078.586901612824
