Portfolio Value,VaR_95,VaR_99,ES_95,ES_99
34035.54296875,-4589.958227805982,-6579.861326031398,-5811.602503013872,-7580.6616457934115
