scenario,sim_days,Portfolio Value,VaR_95,VaR_99,ES_95,ES_99
normal,1,33936.40234375,-1497.4239798504807,-2179.2424700501483,-1932.3007961173928,-2452.8143346665133
stress,1,33936.40234375,-2406.105804234348,-3050.220711705735,-2861.9502782755917,-3413.685383565243
normal,10,33936.40234375,-4394.284391062693,-6303.191218565549,-5634.47400840058,-7559.382197541531
stress,10,33936.40234375,-7408.987727474848,-10182.894494895385,-9212.667451910658,-11200.213463051225
