VaR_95,VaR_99,ES_95,ES_99
-11494.615784236183,-16432.4195010738,-14590.412221892375,-19558.800172600648
