Portfolio Value,VaR_95,VaR_99,ES_95,ES_99
32935.06640625,-4641.712572101843,-6550.725825445192,-5822.849524749564,-7637.599616655216
