scenario,sim_days,Portfolio Value,VaR_95,VaR_99,ES_95,ES_99
normal,1,33500.17578125,-1549.906762885865,-2200.481874896412,-1972.015245761887,-2570.1666326085438
stress,1,33500.17578125,-2347.4832785262297,-3096.364225514387,-2793.2420983871702,-3323.6395207280366
normal,10,33500.17578125,-4454.865949262359,-6254.643377377267,-5664.264994333103,-7357.597343250411
stress,10,33500.17578125,-6717.931245166615,-10134.599003007987,-9013.89682907948,-12450.105386603931
