VaR_95,VaR_99,ES_95,ES_99
-11099.590115588524,-15642.49326155071,-13988.963755406467,-18400.02474667451
