scenario,sim_days,Portfolio Value,VaR_95,VaR_99,ES_95,ES_99
normal,1,112292.38549804688,-3602.915604631155,-4607.7224145248365,-4268.633143211354,-5625.848553469627
stress,1,112292.38549804688,-5630.245020628527,-7638.332389660294,-6944.152052334934,-8989.308113994386
normal,10,112292.38549804688,-9473.373723919218,-15946.96551329793,-12989.591376881015,-17122.61548612873
stress,10,112292.38549804688,-18448.358813580748,-25699.658199232286,-23005.78782255066,-29054.156605534034
