Portfolio Value,VaR_95,VaR_99,ES_95,ES_99
107340.83447265625,-9005.488046661254,-13328.132617499803,-11671.735162715844,-15422.309134183113
