VaR_95,VaR_99,ES_95,ES_99
-12094.521828158944,-17477.125778732126,-15453.698407615124,-20910.860997480337
