scenario,sim_days,Portfolio Value,VaR_95,VaR_99,ES_95,ES_99
normal,1,112172.5986328125,-3298.7642788721005,-4496.832554013757,-4105.360680523993,-5117.77631733273
stress,1,112172.5986328125,-5772.13798031366,-8663.786866844206,-7276.308177063424,-9359.576463962518
normal,10,112172.5986328125,-10039.76691860783,-14559.727517920455,-12605.835812117297,-16537.96519150024
stress,10,112172.5986328125,-18613.918274350868,-25025.584145079487,-23092.17116850342,-30257.646725003717
