Portfolio Value,VaR_95,VaR_99,ES_95,ES_99
112146.31787109375,-9131.48517401338,-13842.827551733955,-11984.742064131833,-16332.42062877307
