VaR_95,VaR_99,ES_95,ES_99
-12998.582249653478,-18603.17696591432,-16363.660890198846,-21623.572628231646
