scenario,sim_days,Portfolio Value,VaR_95,VaR_99,ES_95,ES_99
normal,1,34025.62890625,-1570.7342633213295,-2011.3763731230474,-1873.868589535656,-2382.49779767615
stress,1,34025.62890625,-2185.3553523199953,-3062.7419944747335,-2717.4877092403417,-3422.2300574262435
normal,10,34025.62890625,-5038.228297301153,-7285.713121252478,-6268.417113585344,-8234.140291619306
stress,10,34025.62890625,-6894.719055820411,-9520.550329206033,-8634.074305119415,-11259.450935502184
