Portfolio Value,VaR_95,VaR_99,ES_95,ES_99
34025.62890625,-4757.376677783589,-6698.649187731736,-5951.603125627609,-7747.070647756376
