VaR_95,VaR_99,ES_95,ES_99
-11446.858890535379,-15911.776681702728,-14274.286961384847,-18652.183291543417
