scenario,sim_days,Portfolio Value,VaR_95,VaR_99,ES_95,ES_99
normal,1,114067.66479492188,-3118.159308494581,-4703.951226869484,-4100.5383563738815,-5430.779873876649
stress,1,114067.66479492188,-5470.010073889552,-7892.096589408294,-6932.25422780346,-8627.514965588878
normal,10,114067.66479492188,-9801.491171061256,-13814.79710349315,-12668.065761514974,-16318.702959279839
stress,10,114067.66479492188,-17746.18386875723,-27964.993803024532,-23447.046053486392,-31410.540258741083
