Portfolio Value,VaR_95,VaR_99,ES_95,ES_99
114815.03247070312,-9107.178583527011,-14133.04620229769,-12166.866758534,-16703.140247524436
