VaR_95,VaR_99,ES_95,ES_99
-13099.102669704122,-18703.044248155427,-16772.930788583326,-22337.485422152426
