scenario,sim_days,Portfolio Value,VaR_95,VaR_99,ES_95,ES_99
normal,1,111789.03979492188,-3417.0789929657026,-5057.31461813213,-4459.266592133515,-5497.764841403431
stress,1,111789.03979492188,-5503.842646646526,-7517.248631416544,-6902.434003627302,-8683.235790682314
normal,10,111789.03979492188,-9210.757913151767,-14472.86388196907,-12147.940321756185,-16527.01058066676
stress,10,111789.03979492188,-19355.77712591208,-26475.440765030027,-24218.66099239867,-30591.515958730655
