Portfolio Value,VaR_95,VaR_99,ES_95,ES_99
112875.73120117188,-8872.013273809895,-13741.21731828788,-11857.302391684972,-16273.019954478337
