VaR_95,VaR_99,ES_95,ES_99
-12613.912046736354,-18123.19584879352,-16075.583990799316,-21318.345834627253
