scenario,sim_days,Portfolio Value,VaR_95,VaR_99,ES_95,ES_99
normal,1,37029.640625,-2236.789778023873,-3204.469821635669,-2731.3646225047137,-3445.7491316863807
stress,1,37029.640625,-2637.6690468133324,-3532.4134979300693,-3218.758129699862,-4065.5028690906693
normal,10,37029.640625,-5666.927178045574,-7897.736741693292,-7250.384742845819,-9560.323789515402
stress,10,37029.640625,-7583.386529399851,-10515.683987796589,-9401.17517177953,-12152.500234425626
