Portfolio Value,VaR_95,VaR_99,ES_95,ES_99
36613.2421875,-4718.121285791377,-7123.461656098841,-6127.639968979356,-8137.899898246443
