VaR_95,VaR_99,ES_95,ES_99
-12627.362519018325,-17874.507961104995,-15693.014708011986,-20392.3130236445
