Portfolio Value,VaR_95,VaR_99,ES_95,ES_99
105633.04174804688,-5703.950279562386,-8948.213476292298,-7708.980251016995,-10651.313519953743
