scenario,sim_days,Portfolio Value,VaR_95,VaR_99,ES_95,ES_99
normal,1,106458.37670898438,-3155.1105836517495,-4471.264482217318,-3890.708152403005,-4879.046995206145
stress,1,106458.37670898438,-5477.436228721653,-7297.472906694625,-6650.697202491498,-8415.310358082748
normal,10,106458.37670898438,-8019.120087885186,-12899.778686685324,-10830.316523731493,-14910.878548258257
stress,10,106458.37670898438,-17854.418861514052,-24210.795837051195,-22161.838863853234,-28915.80368758874
