VaR_95,VaR_99,ES_95,ES_99
-11705.082348510747,-16800.96233098133,-14781.639191729399,-19054.8306441197
