scenario,sim_days,Portfolio Value,VaR_95,VaR_99,ES_95,ES_99
normal,1,112875.73120117188,-3384.2459212025715,-4742.56921400903,-4386.173578443195,-5650.256080194415
stress,1,112875.73120117188,-5854.606719628458,-7941.804337099969,-7156.260040549154,-9047.467918508188
normal,10,112875.73120117188,-9037.203526886295,-14150.431753496674,-12081.418180901159,-16342.369581347008
stress,10,112875.73120117188,-17250.498386758667,-23744.21037157963,-21368.594447011194,-27444.60876666627
