Portfolio Value,VaR_95,VaR_99,ES_95,ES_99
111588.77221679688,-8843.539703250748,-13158.966246183034,-11521.408944314431,-15391.947171085858
