VaR_95,VaR_99,ES_95,ES_99
-12530.620238940332,-17777.865552742896,-15864.881264225523,-20688.322284648
