Portfolio Value,VaR_95,VaR_99,ES_95,ES_99
104812.19384765625,-2934.3618327254812,-5017.236756460351,-4231.873722745353,-6036.9812268574315
