scenario,sim_days,Portfolio Value,VaR_95,VaR_99,ES_95,ES_99
normal,1,105289.26000976562,-3103.5684702990557,-4361.339200834299,-3887.2500311623653,-4997.842354341624
stress,1,105289.26000976562,-4942.694393086373,-7484.70879649781,-6586.854021802542,-8655.14760884595
normal,10,105289.26000976562,-8095.2907221683645,-14351.317695990821,-11875.74494728846,-15242.706454042467
stress,10,105289.26000976562,-16214.006085496341,-22098.333485996416,-19839.320442976426,-24623.17063023704
