VaR_95,VaR_99,ES_95,ES_99
-11866.455572696847,-16730.242207557134,-14931.40258082694,-19943.054967520548
