scenario,sim_days,Portfolio Value,VaR_95,VaR_99,ES_95,ES_99
normal,1,32885.4921875,-1587.9517294171455,-2157.4199326934922,-1964.2107765370208,-2581.342692573243
stress,1,32885.4921875,-2151.521064294935,-2976.360755440281,-2714.5415053716542,-3498.0258349757773
normal,10,32885.4921875,-4599.981733702726,-6327.460838291117,-5803.622804113841,-7393.292820604031
stress,10,32885.4921875,-7093.218630234665,-9481.446194726479,-8619.388054856394,-10559.813388307632
