Portfolio Value,VaR_95,VaR_99,ES_95,ES_99
30932.390625,-4317.96173885262,-6113.488060184258,-5410.119178095843,-7068.225776494464
