VaR_95,VaR_99,ES_95,ES_99
-10442.652425962411,-14722.491668717848,-13113.74853196781,-17475.69094094263
