Portfolio Value,VaR_95,VaR_99,ES_95,ES_99
107353.0,-3313.003699198161,-5548.122169850309,-4662.211316888413,-6599.903431376721
