scenario,sim_days,Portfolio Value,VaR_95,VaR_99,ES_95,ES_99
normal,1,111552.5,-3267.7924078972105,-4574.942498080145,-4157.006410300783,-5348.3080549967635
stress,1,111552.5,-5734.356085259672,-8248.032532478068,-7159.006616896502,-9553.610827594746
normal,10,111552.5,-9396.276638108722,-13328.892633161598,-11852.065977627693,-15096.778721298737
stress,10,111552.5,-17882.11137187235,-28826.253304323443,-24365.34177315478,-34384.015329555434
