VaR_95,VaR_99,ES_95,ES_99
-12151.655217521851,-17222.889834769983,-15335.989102816735,-20322.500301023076
