scenario,sim_days,Portfolio Value,VaR_95,VaR_99,ES_95,ES_99
normal,1,34035.54296875,-1581.394979470056,-2158.0270616572457,-1927.9380565256038,-2500.7822590030655
stress,1,34035.54296875,-2437.4832915271913,-3313.6739349490767,-3002.719120273333,-3681.6716876574733
normal,10,34035.54296875,-4538.909964046184,-6351.355841779056,-5795.5563478120785,-7325.062010262392
stress,10,34035.54296875,-7345.764276103685,-10022.841394846553,-9045.413434395383,-11478.566611371814
