Portfolio Value,VaR_95,VaR_99,ES_95,ES_99
33500.17578125,-4615.943691834133,-6613.86305308928,-5837.497045090293,-7500.219555373382
