VaR_95,VaR_99,ES_95,ES_99
-11276.898241028804,-16038.974027677055,-14369.635086648152,-19120.97794056232
