Portfolio Value,VaR_95,VaR_99,ES_95,ES_99
31358.703125,-4163.487773429131,-5978.337263789606,-5294.62466955036,-6937.299100570422
