scenario,sim_days,Portfolio Value,VaR_95,VaR_99,ES_95,ES_99
normal,1,31031.533203125,-1505.9928760879718,-1918.2882900261072,-1801.1120068521423,-2283.0501013352837
stress,1,31031.533203125,-2200.900144755957,-3004.766032410416,-2715.4883394671742,-3302.061986769916
normal,10,31031.533203125,-4285.273559962426,-6302.352782530015,-5625.05590638131,-7722.441033541203
stress,10,31031.533203125,-6490.669830044126,-9241.034764161048,-8260.276319240458,-11458.866802141163
