VaR_95,VaR_99,ES_95,ES_99
-10485.082109521123,-14778.4484384647,-13266.234726592034,-17632.69442551928
