scenario,sim_days,Portfolio Value,VaR_95,VaR_99,ES_95,ES_99
normal,1,110484.27221679688,-3317.272100632097,-4764.9348487986235,-4205.848863131869,-5425.125684319025
stress,1,110484.27221679688,-5308.241798525228,-7489.762304798184,-6657.330126499761,-8396.251292521218
normal,10,110484.27221679688,-9774.741872839113,-13883.526498656083,-12636.236321846816,-16620.006636347298
stress,10,110484.27221679688,-19484.247220425154,-27358.107565825972,-24682.470449527853,-30722.305641783903
