Portfolio Value,VaR_95,VaR_99,ES_95,ES_99
112172.5986328125,-9121.393868401847,-13750.888358653818,-12028.57100549075,-16096.715295965934
