VaR_95,VaR_99,ES_95,ES_99
-13113.11017537704,-18322.40060860214,-16562.288195204314,-21932.67151223842
