Portfolio Value,VaR_95,VaR_99,ES_95,ES_99
32835.921875,-4409.278254551033,-6326.00789383828,-5590.0294903671775,-7301.088891127883
