scenario,sim_days,Portfolio Value,VaR_95,VaR_99,ES_95,ES_99
normal,1,32320.3828125,-1467.6516499198726,-2083.9036409547357,-1821.3395149040582,-2288.619071904544
stress,1,32320.3828125,-2272.8849882409118,-3075.440825209488,-2809.456012145259,-3671.413959678853
normal,10,32320.3828125,-4180.897454072275,-5831.409505911042,-5295.919328929714,-6695.682819320429
stress,10,32320.3828125,-7038.548177697682,-9046.058057968487,-8563.349618296177,-10865.450626472739
