VaR_95,VaR_99,ES_95,ES_99
-11215.94871024061,-15850.278082828174,-14025.560926644926,-18777.261663356057
