Portfolio Value,VaR_95,VaR_99,ES_95,ES_99
109642.62182617188,-8739.443410434247,-12943.17231686555,-11415.128903419429,-15430.941879579384
