scenario,sim_days,Portfolio Value,VaR_95,VaR_99,ES_95,ES_99
normal,1,109226.93090820312,-3273.356922683888,-4881.972613982808,-4372.571305423665,-5822.9819949628845
stress,1,109226.93090820312,-5441.95798133661,-7658.778312967205,-6727.987803733299,-8832.266394204367
normal,10,109226.93090820312,-8882.291941258158,-13630.945411166638,-11508.161718568452,-15095.919425226146
stress,10,109226.93090820312,-17930.353437958354,-28136.4616228259,-24027.344069223902,-31397.727288006077
