VaR_95,VaR_99,ES_95,ES_99
-12423.319693861942,-17744.211539709206,-15781.762042105622,-21222.584074424518
