scenario,sim_days,Portfolio Value,VaR_95,VaR_99,ES_95,ES_99
normal,1,105633.04174804688,-3219.1302874672247,-4518.54601280123,-3981.6448839443906,-5109.802615657475
stress,1,105633.04174804688,-5334.90592988212,-7247.146088679342,-6613.8444447479615,-8059.875566759021
normal,10,105633.04174804688,-9253.672626541875,-13054.946747721717,-11550.073693763183,-14264.491765277282
stress,10,105633.04174804688,-18206.691099336545,-24373.53122088367,-22851.462057623365,-31572.514835003367
