Portfolio Value,VaR_95,VaR_99,ES_95,ES_99
108077.8330078125,-6224.932735624308,-9591.710478935209,-8291.691180978869,-11297.195198266087
