VaR_95,VaR_99,ES_95,ES_99
-12139.244943452857,-17138.61414819811,-15362.922549296807,-20594.358493600208
