scenario,sim_days,Portfolio Value,VaR_95,VaR_99,ES_95,ES_99
normal,1,34025.62890625,-1492.1535149952995,-2274.9395289483678,-1940.7519208517344,-2548.8359274532368
stress,1,34025.62890625,-2379.4166176883905,-3293.9492456855087,-2914.0719317580074,-3537.133477077418
normal,10,34025.62890625,-4855.1877565000605,-6619.849325238571,-5996.465807101008,-7688.439224893887
stress,10,34025.62890625,-7666.186093433928,-10013.091145112252,-9108.950330759042,-11549.009912720247
