Portfolio Value,VaR_95,VaR_99,ES_95,ES_99
34025.62890625,-4660.561414634637,-6625.700769225306,-5893.560714855545,-7765.170875119689
