VaR_95,VaR_99,ES_95,ES_99
-11413.351986015028,-16304.665963609026,-14531.271215549299,-19391.41545368621
