scenario,sim_days,Portfolio Value,VaR_95,VaR_99,ES_95,ES_99
normal,1,107418.5,-3309.6665095060084,-4642.436471755212,-4180.75770098591,-5218.738084839071
stress,1,107418.5,-5582.414709779152,-7485.501045257926,-6773.163375686606,-8340.764150792758
normal,10,107418.5,-9218.036456275579,-12447.210953811309,-11416.061070845404,-14840.925745349781
stress,10,107418.5,-17801.565637066324,-23504.31340150452,-21597.468254731117,-26885.436547826685
