Portfolio Value,VaR_95,VaR_99,ES_95,ES_99
106415.5,-3239.688032772839,-5505.211930197502,-4573.945125583645,-6508.960222358736
