VaR_95,VaR_99,ES_95,ES_99
-12145.539288423743,-17259.740538505623,-15481.758233683266,-20994.544795561535
