Portfolio Value,VaR_95,VaR_99,ES_95,ES_99
115856.88818359375,-8494.709128862089,-13323.965295352025,-11452.65656263057,-15612.494619581848
