scenario,sim_days,Portfolio Value,VaR_95,VaR_99,ES_95,ES_99
normal,1,111627.369140625,-3572.693877786916,-5192.429049850263,-4525.808298977791,-5800.812543897306
stress,1,111627.369140625,-5773.980680162622,-8090.137313646325,-7152.685930331445,-9275.746909023279
normal,10,111627.369140625,-9242.325486753482,-14819.83811668119,-12641.792096138128,-17806.91172968687
stress,10,111627.369140625,-19857.13195184069,-27767.34814095143,-24719.439359189877,-32786.72596712344
