VaR_95,VaR_99,ES_95,ES_99
-13166.709066652911,-19187.41030137197,-16764.545592806728,-22789.434496789243
