Portfolio Value,VaR_95,VaR_99,ES_95,ES_99
32855.75,-4350.870150420911,-6409.900633433014,-5605.211102236159,-7310.488076637441
