scenario,sim_days,Portfolio Value,VaR_95,VaR_99,ES_95,ES_99
normal,1,32875.578125,-1633.9310013067661,-2157.3093373421393,-1995.9195417345065,-2658.4061452524656
stress,1,32875.578125,-2014.2686748050921,-2882.720939115819,-2545.2435263875623,-3217.3547667307234
normal,10,32875.578125,-4548.196810537555,-6367.886403323645,-5578.057353684231,-7205.158239633807
stress,10,32875.578125,-6476.9473968147395,-8375.440985456593,-7869.0118931956285,-10221.029047226659
