VaR_95,VaR_99,ES_95,ES_99
-11119.965790361297,-15713.315788547783,-13924.711248014271,-18280.3129902117
