scenario,sim_days,Portfolio Value,VaR_95,VaR_99,ES_95,ES_99
normal,1,31229.81640625,-1410.2432904458215,-2009.937811477483,-1748.0861715493502,-2264.150941329618
stress,1,31229.81640625,-2199.5167060763606,-2996.2385773517753,-2725.9772160528833,-3487.9059093767746
normal,10,31229.81640625,-4661.681158020216,-6605.214417726563,-5902.25514248636,-7464.709807425554
stress,10,31229.81640625,-6718.91242453769,-9564.148836047581,-8614.314981953903,-12138.12889289595
