Portfolio Value,VaR_95,VaR_99,ES_95,ES_99
32320.3828125,-4380.156890901625,-6367.053978207675,-5573.776312972272,-7356.049768459697
