VaR_95,VaR_99,ES_95,ES_99
-11011.139976316521,-15892.080037334828,-14008.9565011142,-18931.03789304827
