Portfolio Value,VaR_95,VaR_99,ES_95,ES_99
107239.26049804688,-2804.372681042971,-4878.885836670041,-4100.5579400545685,-5996.980361209579
