scenario,sim_days,Portfolio Value,VaR_95,VaR_99,ES_95,ES_99
normal,1,106201.06787109375,-2956.4530500840633,-4346.795909595879,-3830.0133534467786,-4894.914899323267
stress,1,106201.06787109375,-5749.17585988913,-7416.437654515178,-6840.297444633405,-8721.816957035959
normal,10,106201.06787109375,-7702.002938010744,-11999.049722332995,-10611.61815144217,-14566.533011433208
stress,10,106201.06787109375,-17970.26174556207,-25696.475875582397,-22896.853742622985,-30273.600033118368
