VaR_95,VaR_99,ES_95,ES_99
-12242.427138725332,-16956.293983822536,-15138.124303033675,-19761.196138740914
