scenario,sim_days,Portfolio Value,VaR_95,VaR_99,ES_95,ES_99
normal,1,36613.2421875,-1720.8722322264832,-2294.233847682546,-2092.06039677132,-2493.9651949220533
stress,1,36613.2421875,-2436.868621509319,-3358.250688502461,-3027.030296236408,-4004.4512409192453
normal,10,36613.2421875,-5002.182843120798,-6999.92388197543,-6322.622571611795,-8608.166754378411
stress,10,36613.2421875,-7997.56296262427,-11046.909396328196,-9864.984184536985,-12322.478384452243
