Portfolio Value,VaR_95,VaR_99,ES_95,ES_99
34025.62890625,-4523.6294851498105,-6518.8251818155495,-5753.732233926129,-7459.760435580039
