VaR_95,VaR_99,ES_95,ES_99
-11468.499080692854,-16315.84168496337,-14566.889193351552,-19684.944008629995
