scenario,sim_days,Portfolio Value,VaR_95,VaR_99,ES_95,ES_99
normal,1,106573.0,-3377.9396384491756,-4663.745142271347,-4290.8407341737375,-5492.730117951614
stress,1,106573.0,-5546.570240934436,-7669.037276451465,-7106.894973098453,-9809.123039160138
normal,10,106573.0,-8597.348790361777,-12259.125532235515,-10812.869695902767,-13993.503654486205
stress,10,106573.0,-17798.41424483488,-23644.08203553062,-21183.72194703352,-26689.285148677434
