Portfolio Value,VaR_95,VaR_99,ES_95,ES_99
100131.0,-5040.696298611216,-7827.052915730125,-6793.99130884989,-9387.569880624049
