VaR_95,VaR_99,ES_95,ES_99
-11177.13122563148,-15802.906931410023,-14063.105865316324,-18398.953050987162
