Portfolio Value,VaR_95,VaR_99,ES_95,ES_99
106573.0,-3136.8579128827723,-5340.321239046746,-4444.079523850017,-6477.190328550306
