scenario,sim_days,Portfolio Value,VaR_95,VaR_99,ES_95,ES_99
normal,1,106415.5,-3261.864526913569,-4937.490798350782,-4170.100334180824,-5516.357372758636
stress,1,106415.5,-5643.692517096814,-7865.563795201787,-7031.429341210784,-8905.147951174222
normal,10,106415.5,-8979.94744424198,-12292.694841933844,-11124.380045527052,-14199.056624800642
stress,10,106415.5,-17443.57726580287,-26008.69139011806,-22420.2713580011,-30974.76464482851
