VaR_95,VaR_99,ES_95,ES_99
-12085.826457625652,-17298.078657515707,-15288.454589179244,-20014.928633656007
