Portfolio Value,VaR_95,VaR_99,ES_95,ES_99
37029.640625,-5002.658894266482,-7333.6184730010455,-6377.623195407821,-8447.23723210197
