scenario,sim_days,Portfolio Value,VaR_95,VaR_99,ES_95,ES_99
normal,1,37842.60546875,-1921.4455375755638,-2729.3291865910137,-2425.5902363174305,-3165.972483694087
stress,1,37842.60546875,-2397.481717768936,-3280.297635443831,-2978.7922722661297,-3867.4167293642386
normal,10,37842.60546875,-5162.460622358455,-7363.663704495923,-6426.699798968416,-8014.506166044896
stress,10,37842.60546875,-8187.909850090829,-11118.959576725836,-10453.767327751862,-13837.034275918875
