VaR_95,VaR_99,ES_95,ES_99
-12456.515903998641,-17848.904067064817,-15931.255304770939,-21409.477994129375
