Portfolio Value,VaR_95,VaR_99,ES_95,ES_99
113567.90869140625,-8897.276185912562,-13712.567620487012,-11850.61710544928,-16225.100855777522
