scenario,sim_days,Portfolio Value,VaR_95,VaR_99,ES_95,ES_99
normal,1,114815.03247070312,-3379.5840360739903,-4759.9804639345075,-4194.648507785488,-5469.524630268036
stress,1,114815.03247070312,-5666.26233769958,-7642.209310974874,-6826.465185214999,-8463.319862162509
normal,10,114815.03247070312,-9704.186782829509,-14670.599242289914,-12794.09602203351,-17814.47687576423
stress,10,114815.03247070312,-19280.772669834474,-27019.650910160402,-24386.138810463413,-32319.085258089937
