VaR_95,VaR_99,ES_95,ES_99
-12794.407896064648,-18223.545781214,-16442.080108481412,-22281.29712425315
