Portfolio Value,VaR_95,VaR_99,ES_95,ES_99
33529.91796875,-4571.782654515163,-6426.018559624344,-5761.594869402146,-7514.9225772908285
