scenario,sim_days,Portfolio Value,VaR_95,VaR_99,ES_95,ES_99
normal,1,32855.75,-1644.1746456902258,-2487.344651004158,-2131.144984284532,-2690.4859334087823
stress,1,32855.75,-2126.3397512814845,-3284.0582622509187,-2773.4626514198485,-3643.2082910342215
normal,10,32855.75,-4783.765148255731,-6239.434552348071,-5798.1603545230555,-7532.48895051367
stress,10,32855.75,-7621.563423052935,-10900.882135349702,-9761.623208751533,-12744.61382676713
