VaR_95,VaR_99,ES_95,ES_99
-11345.585622377908,-16399.493183754737,-14499.00579321158,-18877.940948980897
