scenario,sim_days,Portfolio Value,VaR_95,VaR_99,ES_95,ES_99
normal,1,104997.80859375,-3344.251748755145,-4517.022584807099,-4161.189944125744,-5538.220675708942
stress,1,104997.80859375,-5385.648756251916,-7142.892660574561,-6507.196997497012,-7926.944499219484
normal,10,104997.80859375,-8390.760544275814,-13557.218325990929,-11520.162450803777,-15968.654101639147
stress,10,104997.80859375,-17613.419199735887,-26237.966618290106,-22304.313343887785,-30022.078992419956
