Portfolio Value,VaR_95,VaR_99,ES_95,ES_99
109627.76440429688,-6290.578892823227,-9883.176261190807,-8596.673570992936,-12114.235774505676
