VaR_95,VaR_99,ES_95,ES_99
-12303.459008328255,-17901.4964226221,-15854.834637861948,-21219.471313342656
