scenario,sim_days,Portfolio Value,VaR_95,VaR_99,ES_95,ES_99
normal,1,109367.22509765625,-3346.436348283925,-4699.84012455303,-4138.197795177678,-5406.087159403918
stress,1,109367.22509765625,-5484.931225136696,-7924.149165688568,-6913.568589267977,-9071.414739319425
normal,10,109367.22509765625,-9870.316818063238,-14148.524431749505,-12364.310989922928,-15818.394866600958
stress,10,109367.22509765625,-18184.71492550662,-24081.13108389495,-21657.64730524112,-26903.32736230949
