Portfolio Value,VaR_95,VaR_99,ES_95,ES_99
110484.27221679688,-9203.13451934569,-13875.704689773294,-12052.670293813468,-16349.745129271596
