VaR_95,VaR_99,ES_95,ES_99
-12266.59306568657,-16944.82361881967,-15250.805997561172,-20092.457798239273
