scenario,sim_days,Portfolio Value,VaR_95,VaR_99,ES_95,ES_99
normal,1,108989.25927734375,-3329.221104732443,-4634.524875956205,-4139.724904315465,-5260.258346641806
stress,1,108989.25927734375,-5392.714162384335,-7369.457362049504,-6886.57802030876,-9080.818688445037
normal,10,108989.25927734375,-9268.157753273834,-13170.387168912035,-12103.596839025515,-16917.23705528183
stress,10,108989.25927734375,-17623.44004035441,-23793.626375751446,-21546.587022930886,-27018.790935817815
