Portfolio Value,VaR_95,VaR_99,ES_95,ES_99
105657.6416015625,-8087.009834900328,-12510.759189390052,-10701.957569284192,-14428.212388124248
