VaR_95,VaR_99,ES_95,ES_99
-11908.26658802141,-16943.917263220133,-15152.024358599232,-20058.80895706054
