scenario,sim_days,Portfolio Value,VaR_95,VaR_99,ES_95,ES_99
normal,1,116008.22534179688,-3602.747007727419,-4848.396010900036,-4469.812341799595,-5867.8447278886415
stress,1,116008.22534179688,-5934.064148993712,-8011.096251265819,-7155.596828124564,-8848.029218529342
normal,10,116008.22534179688,-10496.686733110162,-15333.660378298204,-13593.905997123193,-18049.384769130713
stress,10,116008.22534179688,-18337.00018412693,-23886.13276012977,-21802.861332399727,-26901.836138909952
