Portfolio Value,VaR_95,VaR_99,ES_95,ES_99
115089.99926757812,-9525.870283573799,-14581.87147210446,-12692.20706327358,-17131.475337292686
