VaR_95,VaR_99,ES_95,ES_99
-12755.499118061503,-18595.39847484616,-16206.984727652785,-21895.09850771703
