scenario,sim_days,Portfolio Value,VaR_95,VaR_99,ES_95,ES_99
normal,1,114329.85473632812,-3969.6892093252654,-5484.734794098079,-4954.689991398511,-6604.285866678663
stress,1,114329.85473632812,-6170.507661835206,-8019.791419405935,-7475.999284144957,-9291.760574427386
normal,10,114329.85473632812,-11300.87375185167,-17223.222390285373,-14825.764749708786,-19801.282080217054
stress,10,114329.85473632812,-18327.196140815115,-27352.01910160254,-22893.75804350778,-29588.152028513705
