Portfolio Value,VaR_95,VaR_99,ES_95,ES_99
112292.38549804688,-9257.3362433661,-14190.005372930293,-12274.368681938537,-16694.18766155261
