VaR_95,VaR_99,ES_95,ES_99
-12557.188778917449,-17669.079606893276,-15853.0329996422,-21090.329206388178
