scenario,sim_days,Portfolio Value,VaR_95,VaR_99,ES_95,ES_99
normal,1,111255.77954101562,-3138.339380193071,-4678.087518389611,-4087.560586642674,-5174.516955905636
stress,1,111255.77954101562,-5990.279931328826,-8191.24196609361,-7272.709451900478,-9164.981491014396
normal,10,111255.77954101562,-9545.752193617735,-14093.425820431128,-12118.530702415204,-15620.535383491107
stress,10,111255.77954101562,-18055.239914238588,-23169.657507815595,-21089.768221999264,-25236.599318691737
