Portfolio Value,VaR_95,VaR_99,ES_95,ES_99
111789.03979492188,-8637.269964517454,-13263.958052436134,-11403.320356150563,-15685.523766871673
