VaR_95,VaR_99,ES_95,ES_99
-12703.488105543945,-17725.97214008531,-15898.977981304351,-20641.50123644001
