scenario,sim_days,Portfolio Value,VaR_95,VaR_99,ES_95,ES_99
normal,1,30704.36328125,-1415.4721591748494,-2076.0304210081244,-1837.7275045315466,-2608.895501817181
stress,1,30704.36328125,-1967.8117949732157,-2820.6906780441573,-2443.6867921218877,-3060.3424105065633
normal,10,30704.36328125,-4481.50791676907,-6022.195443887629,-5444.41485256874,-7011.68115632059
stress,10,30704.36328125,-6616.5033161261845,-8932.33956523592,-8056.26367577952,-10278.682089704083
