Portfolio Value,VaR_95,VaR_99,ES_95,ES_99
30872.904296875,-4424.092823914579,-6112.897526903316,-5469.791409204084,-6964.869711107716
