VaR_95,VaR_99,ES_95,ES_99
-10171.34794005276,-14563.658147161048,-12963.885272995441,-17373.441603454467
