scenario,sim_days,Portfolio Value,VaR_95,VaR_99,ES_95,ES_99
normal,1,30050.0234375,-1416.2931638796822,-1906.6947449051772,-1750.98526468224,-2168.564020021798
stress,1,30050.0234375,-2107.4105223950223,-2968.042941011786,-2610.515270089495,-3341.6772819744933
normal,10,30050.0234375,-4437.505043668951,-5970.666215402606,-5404.120374366284,-6518.230512445715
stress,10,30050.0234375,-6133.083590959238,-8802.432659332673,-7830.525871957773,-10916.009050685521
