Portfolio Value,VaR_95,VaR_99,ES_95,ES_99
31051.361328125,-4270.199479146541,-6132.240537259892,-5343.659519915717,-6876.466472529399
