VaR_95,VaR_99,ES_95,ES_99
-10243.503363797492,-14636.622392730878,-12984.467811911125,-17110.419127394704
