scenario,sim_days,Portfolio Value,VaR_95,VaR_99,ES_95,ES_99
normal,1,109642.62182617188,-3432.800984366295,-4577.111778564555,-4108.66158876067,-5059.288376179695
stress,1,109642.62182617188,-5739.230067427975,-7690.572885511188,-6932.812362032721,-8848.662940979553
normal,10,109642.62182617188,-9580.141506863503,-13988.936721946839,-12451.180551762349,-16111.168280536327
stress,10,109642.62182617188,-18561.410918554713,-25813.788272059875,-23032.100537287697,-28855.0881382789
