Portfolio Value,VaR_95,VaR_99,ES_95,ES_99
109367.22509765625,-8835.311186181096,-13702.655361038778,-11869.874461054915,-15843.141534499502
