VaR_95,VaR_99,ES_95,ES_99
-12181.999348217298,-17195.628483667355,-15209.342369791344,-19835.635187221913
