scenario,sim_days,Portfolio Value,VaR_95,VaR_99,ES_95,ES_99
normal,1,106704.30346679688,-3674.1866092680334,-5045.34220791907,-4546.855613594982,-5767.9426608262365
stress,1,106704.30346679688,-5493.299760151009,-7556.886364723931,-6727.544578058092,-8819.93048394153
normal,10,106704.30346679688,-9880.21557869983,-14864.204513768387,-12693.076684902306,-17013.5478528517
stress,10,106704.30346679688,-17554.776847980527,-23250.6386089873,-21190.66791496215,-25940.697241880545
