Portfolio Value,VaR_95,VaR_99,ES_95,ES_99
107648.541015625,-8672.18047775897,-13331.189610827476,-11600.518958547294,-15694.283136594677
