VaR_95,VaR_99,ES_95,ES_99
-12198.245761912343,-16511.7731139186,-15127.315869712345,-19847.81322097221
