scenario,sim_days,Portfolio Value,VaR_95,VaR_99,ES_95,ES_99
normal,1,103950.5,-3107.7398304338353,-4109.102915862146,-3846.932420980071,-5265.3992438650475
stress,1,103950.5,-4919.18789513498,-6761.584653916783,-6151.755860177972,-8133.683795872149
normal,10,103950.5,-7188.359036389404,-11105.976867051502,-9883.183900980406,-12967.941684069063
stress,10,103950.5,-17501.17090781755,-24355.660357700588,-21950.64271038633,-28378.138577835594
