Portfolio Value,VaR_95,VaR_99,ES_95,ES_99
106057.0,-5464.959959640999,-8733.61209290759,-7427.205326722585,-10336.653121407993
