VaR_95,VaR_99,ES_95,ES_99
-12125.449263739798,-17334.11788262286,-15321.178707483128,-20450.797887119243
