scenario,sim_days,Portfolio Value,VaR_95,VaR_99,ES_95,ES_99
normal,1,113567.90869140625,-3370.213701148821,-5084.828983316808,-4431.436597895402,-5632.260576127801
stress,1,113567.90869140625,-5753.441804881694,-7958.889595854381,-7095.06002642892,-9086.0159515334
normal,10,113567.90869140625,-8799.417275725034,-13482.14893313315,-11585.66724831533,-14830.364494410238
stress,10,113567.90869140625,-18212.63221910078,-25912.589912015315,-23410.492140306673,-29951.092487102094
