Portfolio Value,VaR_95,VaR_99,ES_95,ES_99
111255.77954101562,-8721.842890006421,-13188.975930186502,-11589.671802780158,-15444.124028537633
