VaR_95,VaR_99,ES_95,ES_99
-12440.956779497952,-17754.692133332697,-15623.624457592285,-20778.4090605685
