scenario,sim_days,Portfolio Value,VaR_95,VaR_99,ES_95,ES_99
normal,1,31358.703125,-1507.6836572178947,-2171.376350499496,-1946.2336890403233,-2408.5406309731397
stress,1,31358.703125,-2082.5726919543367,-2727.746221805779,-2524.9913434781265,-3225.053379626142
normal,10,31358.703125,-4546.559121446621,-5974.401374302382,-5606.342554183598,-7297.920067086768
stress,10,31358.703125,-7037.05720984476,-9191.88353727506,-8331.361574326125,-10139.412862079917
