Portfolio Value,VaR_95,VaR_99,ES_95,ES_99
31527.244140625,-4345.025493272244,-6209.906010719267,-5478.183678992343,-7041.882615978194
