VaR_95,VaR_99,ES_95,ES_99
-10829.376175805903,-14837.417648446411,-13427.80315200875,-17294.042733831928
