scenario,sim_days,Portfolio Value,VaR_95,VaR_99,ES_95,ES_99
normal,1,113003.10668945312,-3779.518092837514,-5406.9144202115585,-4868.347839997849,-6126.566608664059
stress,1,113003.10668945312,-6066.769978359247,-8163.110149105914,-7357.081052927012,-9032.061200064409
normal,10,113003.10668945312,-9513.718763918896,-14686.41924928757,-13429.00513881265,-20483.107699370445
stress,10,113003.10668945312,-17217.65916294982,-24867.129196072372,-21654.609589001324,-27725.352562049207
