Portfolio Value,VaR_95,VaR_99,ES_95,ES_99
115513.00708007812,-9768.79513273603,-14808.366947964485,-12913.847010052496,-17590.684165180304
