VaR_95,VaR_99,ES_95,ES_99
-13231.884531069287,-17999.450816592525,-16318.03362170591,-21174.470650753185
