Portfolio Value,VaR_95,VaR_99,ES_95,ES_99
33301.890625,-4439.601707916892,-6322.769338397352,-5586.760983437467,-7192.571744891245
