scenario,sim_days,Portfolio Value,VaR_95,VaR_99,ES_95,ES_99
normal,1,32835.921875,-1551.7632243101384,-2111.2466381814024,-1875.7928325393705,-2296.0075402693537
stress,1,32835.921875,-2233.7591648154043,-3048.690231435787,-2814.607535951771,-3726.4474994205216
normal,10,32835.921875,-4753.655827917177,-6491.7193561979175,-5857.528983974791,-7389.689724395443
stress,10,32835.921875,-6969.456829113124,-9978.502521668783,-8865.649135957452,-11310.621576166179
