VaR_95,VaR_99,ES_95,ES_99
-11186.9645603352,-16196.549644298599,-14204.459645017505,-18834.49950482625
