scenario,sim_days,Portfolio Value,VaR_95,VaR_99,ES_95,ES_99
normal,1,107648.541015625,-3602.7104366626745,-4848.992757713813,-4531.640428870472,-5803.3037651257255
stress,1,107648.541015625,-5878.089608534755,-7918.257967439246,-7169.884458979813,-9000.428298496277
normal,10,107648.541015625,-9272.751637365707,-14114.9497202755,-12072.472573472853,-16467.284352450864
stress,10,107648.541015625,-17735.279610592912,-24682.8317206335,-22031.52979572221,-27429.025152064645
