Portfolio Value,VaR_95,VaR_99,ES_95,ES_99
109226.93090820312,-8966.570666112708,-13675.449595231692,-11840.813123693853,-15655.092152932508
