VaR_95,VaR_99,ES_95,ES_99
-12255.345996092847,-17745.10138966371,-15767.452051713444,-21205.38221062878
