Portfolio Value,VaR_95,VaR_99,ES_95,ES_99
108351.24072265625,-6306.476484970341,-9801.311760074437,-8407.323382146977,-11314.155736427332
