scenario,sim_days,Portfolio Value,VaR_95,VaR_99,ES_95,ES_99
normal,1,111262.80810546875,-3398.2365497372666,-5318.9048223228265,-4503.371236273168,-5834.133754710247
stress,1,111262.80810546875,-5363.393631933911,-7488.1382815112875,-6863.239445536827,-9020.718652903011
normal,10,111262.80810546875,-7970.838202231049,-12164.194326362855,-10965.288716364994,-14977.294927610714
stress,10,111262.80810546875,-18190.194965171842,-24400.741979090475,-22864.76550677177,-29422.03561895485
