VaR_95,VaR_99,ES_95,ES_99
-12105.826763373545,-17151.205357674866,-15190.686061092361,-20141.916015082636
