Portfolio Value,VaR_95,VaR_99,ES_95,ES_99
37842.60546875,-4963.887753322592,-7379.2046727890365,-6412.816118622731,-8506.918685628918
