scenario,sim_days,Portfolio Value,VaR_95,VaR_99,ES_95,ES_99
normal,1,36325.73046875,-1846.0578934379766,-2604.420332403052,-2239.401876293591,-2828.8844064647797
stress,1,36325.73046875,-2329.627730866938,-3355.2074223174504,-2978.440442447879,-3932.8576726270867
normal,10,36325.73046875,-5121.360086394272,-7354.991919972346,-6566.206959351867,-9060.499757322337
stress,10,36325.73046875,-8340.080953268773,-10651.682880604176,-9852.426150104482,-12053.254045048616
