VaR_95,VaR_99,ES_95,ES_99
-12721.885718569749,-18269.357602122138,-16099.215903802135,-21194.786623086868
