Portfolio Value,VaR_95,VaR_99,ES_95,ES_99
115849.15063476562,-8936.761988772598,-13732.59086672169,-11889.326879369124,-16229.08446229823
