scenario,sim_days,Portfolio Value,VaR_95,VaR_99,ES_95,ES_99
normal,1,115856.88818359375,-3488.865711412346,-5403.876967630624,-4409.4146999298455,-5835.3860940973955
stress,1,115856.88818359375,-5873.57736852447,-7568.229403812911,-6956.106949893766,-8480.612269707934
normal,10,115856.88818359375,-9617.551279624078,-13787.35037167949,-12123.940896629561,-15350.316189346395
stress,10,115856.88818359375,-18664.12425709516,-24086.724121325755,-22742.479067410437,-27059.16923678328
