VaR_95,VaR_99,ES_95,ES_99
-13269.156022667838,-18683.209029830363,-16677.908112400022,-22181.973417593235
