scenario,sim_days,Portfolio Value,VaR_95,VaR_99,ES_95,ES_99
normal,1,31051.361328125,-1409.1306760399923,-1875.7957139655075,-1734.2738246337267,-2234.1357877840055
stress,1,31051.361328125,-2225.1848902687757,-2849.1887140493054,-2655.126603885271,-3165.423307363919
normal,10,31051.361328125,-4511.560903977064,-6190.905498181829,-5597.149308641282,-6968.284594751933
stress,10,31051.361328125,-6465.799376867453,-8531.859120705878,-7762.799083646632,-9391.915471565113
