Portfolio Value,VaR_95,VaR_99,ES_95,ES_99
30704.36328125,-4286.684636163446,-6029.695831703333,-5332.395255311049,-6909.214830488481
