VaR_95,VaR_99,ES_95,ES_99
-10367.82695088297,-15113.988136106262,-13322.896944128275,-17881.700468619765
