Portfolio Value,VaR_95,VaR_99,ES_95,ES_99
30050.0234375,-4093.912448926443,-5904.109741945044,-5200.57752163991,-6796.244280192713
