scenario,sim_days,Portfolio Value,VaR_95,VaR_99,ES_95,ES_99
normal,1,30932.390625,-1519.2797143655425,-2191.686698010135,-1919.3387538878642,-2445.731600477275
stress,1,30932.390625,-2102.684245750489,-2851.848374767376,-2619.0954187785564,-3208.9256940021965
normal,10,30932.390625,-4263.8036648716425,-6047.326438304736,-5468.734184276704,-6905.774900203765
stress,10,30932.390625,-6374.404367648207,-8614.148669326945,-7931.008801277642,-10685.990703489986
