VaR_95,VaR_99,ES_95,ES_99
-10313.602914637806,-15231.94053257919,-13265.528952795323,-17706.504199369418
