scenario,sim_days,Portfolio Value,VaR_95,VaR_99,ES_95,ES_99
normal,1,37584.8359375,-1972.214477226351,-2556.8968272221887,-2340.256587914993,-2924.2739490583726
stress,1,37584.8359375,-2529.9578366981864,-3386.8237798703117,-3110.296855736862,-3897.6126295448084
normal,10,37584.8359375,-5499.762797810897,-7102.166658017207,-6552.33974910978,-8193.73107259204
stress,10,37584.8359375,-8645.019193567061,-11273.405354480925,-10490.227685946578,-13660.69380375316
