Portfolio Value,VaR_95,VaR_99,ES_95,ES_99
37584.8359375,-4954.607479321746,-7151.587523761977,-6332.396556934152,-8349.21986698774
