VaR_95,VaR_99,ES_95,ES_99
-12571.56466493163,-17951.408114144208,-15756.937054361084,-20573.618898453657
