Portfolio Value,VaR_95,VaR_99,ES_95,ES_99
113480.6328125,-8641.630643197652,-12848.986199527426,-11375.332549503153,-15320.613702781598
