scenario,sim_days,Portfolio Value,VaR_95,VaR_99,ES_95,ES_99
normal,1,113480.6328125,-3403.490838854438,-5199.910654835988,-4455.2376058266145,-5940.2002227267585
stress,1,113480.6328125,-5517.23863494028,-7741.803171637342,-7037.215924977856,-9504.785463982009
normal,10,113480.6328125,-9331.06402568916,-14854.203279172176,-12513.690791641297,-17063.701765612954
stress,10,113480.6328125,-18837.36619765962,-27295.857426294406,-23332.360728059968,-30081.5598780311
