VaR_95,VaR_99,ES_95,ES_99
-12701.719940351519,-18350.11156629977,-16152.153514238134,-21826.940539331903
