scenario,sim_days,Portfolio Value,VaR_95,VaR_99,ES_95,ES_99
normal,1,111588.77221679688,-3539.1301431197344,-4947.342477270538,-4466.288173403034,-5611.196456348918
stress,1,111588.77221679688,-5510.84339823096,-7637.760387084465,-6823.218606886516,-8706.861137282347
normal,10,111588.77221679688,-9822.831074744148,-14907.478106575027,-12991.573990816458,-17291.5818516136
stress,10,111588.77221679688,-18496.03086984538,-23980.182559447014,-22192.62477892617,-27391.02684203121
