Portfolio Value,VaR_95,VaR_99,ES_95,ES_99
113480.6328125,-8846.191633476818,-13785.971720034673,-11853.761555625848,-16393.64355747242
