VaR_95,VaR_99,ES_95,ES_99
-12783.455166352818,-19010.503431995552,-16509.95100593387,-22458.18701130922
