Portfolio Value,VaR_95,VaR_99,ES_95,ES_99
106828.18676757812,-6476.719314842544,-10100.149560006445,-8757.815984198947,-12189.77015613336
