scenario,sim_days,Portfolio Value,VaR_95,VaR_99,ES_95,ES_99
normal,1,109425.92846679688,-4384.619501098182,-6194.766891820336,-5557.986306138207,-7068.618331919535
stress,1,109425.92846679688,-5654.971914453698,-7636.895939649514,-6840.087252972417,-8615.611192766857
normal,10,109425.92846679688,-9022.196625037128,-14652.576101957937,-12020.865563678262,-16765.143337147805
stress,10,109425.92846679688,-16905.910695051072,-28106.719256923487,-23541.37990949575,-33394.24429829726
