VaR_95,VaR_99,ES_95,ES_99
-11854.867817091019,-17013.511397206443,-14907.724764592493,-19346.42062583938
