Portfolio Value,VaR_95,VaR_99,ES_95,ES_99
107418.5,-3344.00245900619,-5337.89839895057,-4600.747507515479,-6450.115785988035
