scenario,sim_days,Portfolio Value,VaR_95,VaR_99,ES_95,ES_99
normal,1,106707.0,-3317.9897618729783,-4620.435482685421,-4134.192737640652,-5114.23607395663
stress,1,106707.0,-5258.936582876925,-7389.54905534125,-6514.911226870726,-8498.666730297433
normal,10,106707.0,-8215.169939322232,-12106.584342465385,-10394.301141603719,-14106.200868834683
stress,10,106707.0,-16942.31895701844,-23415.50846619237,-21360.576570201636,-27872.20487972293
