VaR_95,VaR_99,ES_95,ES_99
-12377.550737906507,-17723.270174945494,-15598.90138252312,-20941.188976506313
