scenario,sim_days,Portfolio Value,VaR_95,VaR_99,ES_95,ES_99
normal,1,104812.19384765625,-2933.8466767267887,-4325.060227754051,-3808.5131648045976,-5070.754859266073
stress,1,104812.19384765625,-4929.203102598379,-6502.952242714736,-6116.233897516583,-7687.992463526047
normal,10,104812.19384765625,-7540.23884114816,-11509.019985538858,-10176.528730344471,-15120.61658145997
stress,10,104812.19384765625,-16932.370268503306,-23069.008110414157,-20572.693721001746,-26257.966090508307
