scenario,sim_days,Portfolio Value,VaR_95,VaR_99,ES_95,ES_99
normal,1,104812.19384765625,-3239.133271244728,-4920.282703219482,-4184.807001052521,-5460.325031329105
stress,1,104812.19384765625,-5237.545140303291,-7490.466088542099,-6737.236225655754,-9479.95141041012
normal,10,104812.19384765625,-7253.352071738172,-11271.554462823538,-9724.811610794377,-12466.855587497264
stress,10,104812.19384765625,-17258.83229515694,-24851.682112119044,-21455.949565508952,-28561.237765443067
