Portfolio Value,VaR_95,VaR_99,ES_95,ES_99
108289.49658203125,-2735.2001496374905,-4718.180709176615,-3965.0270718231313,-5695.155676173205
