VaR_95,VaR_99,ES_95,ES_99
-12254.26305130815,-17205.944023495365,-15418.252171000866,-20269.461123735022
