Portfolio Value,VaR_95,VaR_99,ES_95,ES_99
108857.4384765625,-8082.816548480618,-12579.742792887046,-10859.42692594965,-14713.441645581297
