scenario,sim_days,Portfolio Value,VaR_95,VaR_99,ES_95,ES_99
normal,1,107773.919921875,-3329.4412990422434,-4656.1315479543155,-4158.601340740704,-5298.625447835422
stress,1,107773.919921875,-5052.098783853347,-7435.207998993044,-6353.691221157217,-8287.654057795427
normal,10,107773.919921875,-8666.102658823107,-12692.600054319904,-11469.410662903138,-15614.440531659735
stress,10,107773.919921875,-17058.06587078205,-23897.074006660987,-21330.328503366076,-27733.181697294902
