VaR_95,VaR_99,ES_95,ES_99
-12180.634792384444,-17642.934194203277,-15427.576757948616,-20407.44744830417
