scenario,sim_days,Portfolio Value,VaR_95,VaR_99,ES_95,ES_99
normal,1,30872.904296875,-1619.7317548954593,-2338.124520379305,-2040.6641816896838,-2590.2994585562637
stress,1,30872.904296875,-2087.758530501169,-2640.5225312233347,-2487.4720987514056,-3077.3365096171915
normal,10,30872.904296875,-4498.722880234052,-5695.84041240036,-5279.104430424849,-6321.093719397225
stress,10,30872.904296875,-6816.380322646545,-10799.244490064282,-8755.78079311633,-11604.172755569694
