Portfolio Value,VaR_95,VaR_99,ES_95,ES_99
31229.81640625,-4317.3246878343225,-6051.942187557592,-5437.983973415389,-7005.494038361494
