VaR_95,VaR_99,ES_95,ES_99
-10690.643997343868,-15251.104755800126,-13515.496692886065,-18208.802553328984
