scenario,sim_days,Portfolio Value,VaR_95,VaR_99,ES_95,ES_99
normal,1,110477.5,-3122.7617580560773,-4626.759751264975,-4029.8687594961975,-5443.045653657656
stress,1,110477.5,-5594.049346353221,-7801.362609244745,-6909.893176853593,-8754.250126776835
normal,10,110477.5,-8557.267900768675,-13051.237460292778,-11031.487706783757,-14514.374274874315
stress,10,110477.5,-16984.113158461772,-24117.121727873004,-21725.713203635547,-29939.76905331033
