Portfolio Value,VaR_95,VaR_99,ES_95,ES_99
116008.22534179688,-9612.333347779468,-14686.809530960065,-12660.055250651727,-16798.18990291801
