scenario,sim_days,Portfolio Value,VaR_95,VaR_99,ES_95,ES_99
normal,1,115849.15063476562,-3539.9276406053195,-5416.567053899648,-4615.015855027528,-6296.70761689111
stress,1,115849.15063476562,-5386.430812106856,-8157.759087159541,-7202.900343984918,-9789.440653883996
normal,10,115849.15063476562,-10251.211928380904,-13973.741827529479,-12383.009532833872,-14864.237226441634
stress,10,115849.15063476562,-18918.12365959897,-27593.83066313701,-23571.795745062354,-30949.49916913667
