VaR_95,VaR_99,ES_95,ES_99
-12900.99311311273,-18004.681563592487,-16206.868925713705,-21472.44837170764
