scenario,sim_days,Portfolio Value,VaR_95,VaR_99,ES_95,ES_99
normal,1,111697.5,-3346.4101080223945,-4420.467906744818,-4159.689124336625,-5547.819301619527
stress,1,111697.5,-5495.52238594919,-7533.744692426809,-6809.850731754599,-7962.883331172973
normal,10,111697.5,-8862.037890400354,-13742.853069316569,-11867.276735194071,-15610.091956678847
stress,10,111697.5,-16460.483694438244,-23241.753502508138,-21631.94025243165,-29512.50911043495
