Portfolio Value,VaR_95,VaR_99,ES_95,ES_99
103950.5,-5235.333097000089,-8362.107971429929,-7091.6583252191895,-9611.390965677065
