scenario,sim_days,Portfolio Value,VaR_95,VaR_99,ES_95,ES_99
normal,1,100131.0,-2951.2796597921647,-4097.141180582412,-3703.2466783905707,-4724.563970115994
stress,1,100131.0,-5080.741182002295,-7277.192292704497,-6272.621770836558,-7995.208992304322
normal,10,100131.0,-7188.858725185394,-10775.6618951501,-9473.06690097319,-13070.175004530694
stress,10,100131.0,-17003.714970814108,-23611.443389302953,-21144.862047462462,-28687.58844081349
