VaR_95,VaR_99,ES_95,ES_99
-11993.91550292848,-16921.836542502508,-15058.903444045975,-20184.692388914817
