Portfolio Value,VaR_95,VaR_99,ES_95,ES_99
32716.951171875,-4542.782733100223,-6465.5264237693755,-5719.726883263881,-7492.274760317491
