scenario,sim_days,Portfolio Value,VaR_95,VaR_99,ES_95,ES_99
normal,1,32935.06640625,-1455.508763626416,-2093.6914660332245,-1898.2517353720518,-2416.676456591258
stress,1,32935.06640625,-2106.4173002670127,-3037.799146127634,-2665.500736666745,-3427.5933924013007
normal,10,32935.06640625,-4336.268184392389,-6080.58461407435,-5443.508797165888,-7197.057973246037
stress,10,32935.06640625,-7068.827785158891,-9895.742390355465,-8753.996883009302,-11588.481984852191
