VaR_95,VaR_99,ES_95,ES_99
-10745.215397941842,-15462.243438940786,-13678.650648976438,-18354.520155402904
