Portfolio Value,VaR_95,VaR_99,ES_95,ES_99
34025.62890625,-4783.282834819843,-6668.616732518106,-5935.275040417454,-7571.145661977719
