scenario,sim_days,Portfolio Value,VaR_95,VaR_99,ES_95,ES_99
normal,1,34025.62890625,-1459.5969819394377,-2023.6179306024399,-1806.6516583887849,-2303.404462471177
stress,1,34025.62890625,-2367.820844308903,-3308.273101370972,-2928.2962242823082,-3780.2915527936434
normal,10,34025.62890625,-4858.134033324098,-6785.962046427097,-5932.561477462882,-7645.515039179891
stress,10,34025.62890625,-6720.450115851489,-9473.505136035523,-8517.365878402054,-11292.968590304843
