VaR_95,VaR_99,ES_95,ES_99
-11622.71860710091,-16827.93375704522,-14801.003340381021,-19536.406737656784
